Layer,	Cycles,	% Utilization, MACs
Conv1,	12379,	98.63789277577368,	10639888,
Conv2,	109156,	3.117694233544043,	3484794,
Conv3,	25151,	99.8341643775628,	25679200,
